line	status	text	evidence
3	local-fixable	Wire Discord voice-state joins/leaves into persisted participant and consent events with visible late-join announcements.	.loop-engineering/release-checklist.md:3
4	local-fixable	Enforce safe slash-command authorization and session-owner control without breaking legitimate operators.	.loop-engineering/release-checklist.md:4
5	local-fixable	Make transcript delivery private/configurable and remove host filesystem paths from Discord responses.	.loop-engineering/release-checklist.md:5
6	local-fixable	Add graceful shutdown, interrupted-session recovery, and durable last-session export behavior.	.loop-engineering/release-checklist.md:6
7	local-fixable	Provide a supported, reproducible source installation and self-hosted service lifecycle.	.loop-engineering/release-checklist.md:7
8	local-fixable	Make the documented package-manager contract reliable across supported installs.	.loop-engineering/release-checklist.md:8
9	local-fixable	Change defaults so experimental Discord-native capture is opt-in and production-safe paths are explicit.	.loop-engineering/release-checklist.md:9
10	local-fixable	Add Python-sidecar, clean-install, platform, lifecycle, and Discord interaction verification proportional to runtime risk.	.loop-engineering/release-checklist.md:10
11	needs-release-pipeline	Add production repository governance, security guidance, contribution guidance, and release criteria.	.loop-engineering/release-checklist.md:11
12	needs-release-pipeline	Cut a current release-ready version from all fixes with accurate changelog and release notes.	.loop-engineering/release-checklist.md:12
13	needs-release-pipeline	Pass install, lint/format, typecheck, tests, build, audit, smoke, packaging, and release gates.	.loop-engineering/release-checklist.md:13
14	local-fixable	Commit in small meaningful commits, push, and leave the working tree clean.	.loop-engineering/release-checklist.md:14
